Time(s),MC SW Overview - Actual Position(mm),MC SW Force Control - Measured Force(N),MC SW Force Control - Actual Acceleration(m/s^2),MC SW Overview - Actual Velocity(m/s),
0,-0.2954,-5.2,0.325,0.000533,
0.005,-0.2124,-4.3,11.108,0.026577,
0.01,-0.1733,-5,-8.318,-0.013511,
0.015,-0.1746,-5.5,-1.288,0.003733,
0.02,-0.1776,-5.1,1.754,-0.002666,
0.025,-0.1776,-5.2,0.222,-0.001066,
0.03,-0.1746,-5.2,0.857,0,
0.035,-0.1776,-5.2,-2.049,0.002222,
0.04,-0.1801,-5.2,-0.478,-0.003288,
0.045,-0.1782,-5.2,-0.689,0.002222,
0.05,-0.1807,-5.2,1.116,-0.001688,
0.055,-0.1837,-5.2,-2.737,-0.0016,
0.06,-0.1898,-5.1,4.61,-0.003733,
0.065,-0.199,-5.2,-2.619,-0.002222,
0.07,-0.2094,-5.2,0.853,-0.003288,
0.075,-0.221,-5.3,-0.372,-0.003288,
0.08,-0.2557,-5.4,3.104,-0.009155,
0.085,-0.3289,-5.3,-4.151,-0.0168,
0.09,-0.4369,-5.3,0.196,-0.022755,
0.095,-0.5718,-5.3,-0.913,-0.026577,
0.1,-0.7287,-5.2,2.073,-0.030399,
0.105,-0.899,-5.2,-0.553,-0.031466,
0.11,-1.0674,-5.1,4.052,-0.031999,
0.115,-1.2322,-5.1,1.371,-0.031466,
0.12,-1.3982,-5.1,6.242,-0.033066,
0.125,-1.5484,-5.2,-2.593,-0.031466,
0.13,-1.7095,-5.2,-2.79,-0.035822,
0.135,-1.8755,-5.3,-1.237,-0.037422,
0.14,-2.0507,-5.2,-3.062,-0.040177,
0.145,-2.2393,-5.2,-4.13,-0.037955,
0.15,-2.4431,-5.2,0.936,-0.044444,
0.155,-2.6488,-5.2,4.609,-0.038488,
0.16,-2.8667,-5.2,0.941,-0.043911,
0.165,-3.0919,-5.2,-2.451,-0.046044,
0.17,-3.3239,-5.2,3.552,-0.045066,
0.175,-3.5656,-5.2,-0.091,-0.047733,
0.18,-3.8146,-5.2,3.224,-0.052088,
0.185,-4.063,-5.3,0.518,-0.044977,
0.19,-4.3267,-5.2,-1.557,-0.055911,
0.195,-4.5952,-5.2,-1.042,-0.054755,
0.2,-4.8742,-5.2,1.479,-0.056977,
0.205,-5.1562,-5.3,-3.789,-0.058666,
0.21,-5.4436,-5.2,-2.693,-0.056355,
0.215,-5.7378,-5.2,0.552,-0.057511,
0.22,-6.0412,-5.2,-2.273,-0.062399,
0.225,-6.3537,-5.2,-0.408,-0.062933,
0.23,-6.6765,-5.2,-0.22,-0.064533,
0.235,-7.008,-5.3,-4.874,-0.066222,
0.24,-7.3479,-5.2,-0.292,-0.071022,
0.245,-7.6952,-5.3,-2.818,-0.070488,
0.25,-8.0541,-5.3,3.472,-0.073244,
0.255,-8.4185,-5.3,2.488,-0.073777,
0.26,-8.7951,-5.3,0.051,-0.077066,
0.265,-9.1729,-5.2,0.058,-0.076533,
0.27,-9.5507,-5.2,-0.729,-0.076,
0.275,-9.9389,-5.2,-0.914,-0.0792,
0.28,-10.335,-5.2,1.575,-0.080266,
0.285,-10.7311,-5.2,-4.798,-0.078666,
0.29,-11.1443,-5.2,1.281,-0.083022,
0.295,-11.5569,-5.2,3.805,-0.081333,
0.3,-11.9744,-5.2,-2.283,-0.087911,
0.305,-12.398,-5.3,-3.518,-0.085777,
0.31,-12.8295,-5.3,2.792,-0.086222,
0.315,-13.2696,-5.2,2.091,-0.087377,
0.32,-13.7151,-5.3,3.553,-0.090577,
0.325,-14.1619,-5.3,3.378,-0.088977,
0.33,-14.6172,-5.3,-5.88,-0.093333,
0.335,-15.075,-5.3,2.226,-0.092266,
0.34,-15.5315,-5.3,3.31,-0.088444,
0.345,-15.9997,-5.4,3.433,-0.093333,
0.35,-16.4635,-5.3,2.384,-0.091644,
0.355,-16.9268,-5.3,-0.169,-0.090577,
0.36,-17.3931,-5.3,-0.309,-0.0928,
0.365,-17.857,-5.3,2.1,-0.091733,
0.37,-18.3184,-5.3,-0.296,-0.091733,
0.375,-18.7908,-5.4,-0.571,-0.094933,
0.38,-19.2663,-5.3,-1.639,-0.094933,
0.385,-19.7472,-5.3,-3.557,-0.097066,
0.39,-20.23,-5.3,-3.43,-0.099288,
0.395,-20.7171,-5.3,2.212,-0.099288,
0.4,-21.2047,-5.3,0.759,-0.099822,
0.405,-21.6936,-5.3,-1.072,-0.099288,
0.41,-22.1783,-5.2,1.285,-0.092266,
0.415,-22.6623,-5.3,0.483,-0.0912,
0.42,-23.1505,-5.3,-1.484,-0.098666,
0.425,-23.6223,-5.3,1.934,-0.093244,
0.43,-24.088,-5.4,-3.773,-0.090577,
0.435,-24.5684,-5.4,-5.894,-0.097155,
0.44,-25.053,-5.4,-2.426,-0.095466,
0.445,-25.5419,-5.4,-1.746,-0.097688,
0.45,-26.0381,-5.4,-0.154,-0.097066,
0.455,-26.5423,-5.4,0.551,-0.100977,
0.46,-27.0458,-5.4,1.828,-0.099288,
0.465,-27.5469,-5.4,0.751,-0.098755,
0.47,-28.0431,-5.4,-0.091,-0.096,
0.475,-28.5473,-5.3,1.565,-0.097688,
0.48,-29.0514,-5.4,1.626,-0.098222,
0.485,-29.555,-5.3,-0.183,-0.100444,
0.49,-30.0591,-5.4,-1.15,-0.103644,
0.495,-30.5718,-5.4,1.21,-0.105777,
0.5,-31.0894,-5.4,0.735,-0.104177,
0.505,-31.6204,-5.3,0.636,-0.108533,
0.51,-32.1496,-5.3,3.496,-0.102044,
0.515,-32.6873,-5.3,0.111,-0.108533,
0.52,-33.2226,-5.3,0.149,-0.107999,
0.525,-33.7475,-5.3,-2.778,-0.106933,
0.53,-34.2693,-5.3,-1.291,-0.104177,
0.535,-34.7918,-5.3,-1.5,-0.105777,
0.54,-35.3051,-5.3,-1.383,-0.104711,
0.545,-35.8178,-5.3,0.178,-0.101511,
0.55,-36.3317,-5.3,3.248,-0.102044,
0.555,-36.8468,-5.3,2.087,-0.101422,
0.56,-37.3638,-5.3,-1.369,-0.105244,
0.565,-37.8814,-5.3,0.084,-0.103644,
0.57,-38.3996,-5.3,-1.664,-0.104177,
0.575,-38.9196,-5.3,0.987,-0.104711,
0.58,-39.4298,-5.3,1.383,-0.099288,
0.585,-39.9413,-5.2,-2.71,-0.103644,
0.59,-40.4424,-5.3,0.259,-0.097066,
0.595,-40.9423,-5.2,2.916,-0.098755,
0.6,-41.4348,-5.2,-1.825,-0.099822,
0.605,-41.9256,-5.2,4.226,-0.097688,
0.61,-42.4157,-5.2,-0.096,-0.098755,
0.615,-42.9003,-5.2,2.191,-0.097688,
0.62,-43.3831,-5.2,-3.602,-0.097688,
0.625,-43.8634,-5.2,-0.481,-0.0976,
0.63,-44.3401,-5.3,-3.362,-0.098755,
0.635,-44.8144,-5.3,-0.948,-0.096088,
0.64,-45.2843,-5.3,-0.253,-0.095466,
0.645,-45.7476,-5.2,2.163,-0.093333,
0.65,-46.2041,-5.3,1.578,-0.091644,
0.655,-46.6619,-5.2,-0.102,-0.093866,
0.66,-47.1117,-5.2,-0.194,-0.089511,
0.665,-47.5567,-5.3,0.552,-0.088977,
0.67,-47.9992,-5.2,-0.278,-0.086844,
0.675,-48.4405,-5.2,2.648,-0.089511,
0.68,-48.8805,-5.2,1.424,-0.085155,
0.685,-49.3249,-5.2,0.697,-0.088444,
0.69,-49.7625,-5.2,1.027,-0.085155,
0.695,-50.1958,-5.2,-0.179,-0.087822,
0.7,-50.6249,-5.3,-0.76,-0.084088,
0.705,-51.0497,-5.2,1.493,-0.086222,
0.71,-51.4672,-5.2,1.534,-0.078666,
0.715,-51.8804,-5.2,3.408,-0.081955,
0.72,-52.2918,-5.3,0.015,-0.082488,
0.725,-52.6934,-5.2,-2.296,-0.084088,
0.73,-53.0871,-5.2,-1.391,-0.078666,
0.735,-53.4832,-5.3,5.808,-0.073777,
0.74,-53.8775,-5.3,-2.409,-0.080888,
0.745,-54.2553,-5.2,-0.521,-0.075466,
0.75,-54.6349,-5.3,-1.084,-0.075377,
0.755,-55.0146,-5.3,-0.339,-0.079288,
0.76,-55.3789,-5.3,1.388,-0.071022,
0.765,-55.7439,-5.3,0.196,-0.073244,
0.77,-56.1065,-5.3,-3.565,-0.072177,
0.775,-56.4544,-5.2,-0.705,-0.070577,
0.78,-56.7968,-5.3,-2.033,-0.070044,
0.785,-57.1264,-5.3,0.239,-0.063999,
0.79,-57.4505,-5.2,0.55,-0.061866,
0.795,-57.7709,-5.2,1.034,-0.063466,
0.8,-58.0785,-5.3,-0.56,-0.061866,
0.805,-58.3843,-5.3,3.847,-0.061333,
0.81,-58.6815,-5.3,1.118,-0.060177,
0.815,-58.966,-5.3,0.369,-0.056977,
0.82,-59.2394,-5.3,1.036,-0.052088,
0.825,-59.5055,-5.3,2.995,-0.051555,
0.83,-59.7686,-5.3,3.606,-0.051022,
0.835,-60.0176,-5.2,0.065,-0.047733,
0.84,-60.2599,-5.3,-0.394,-0.043911,
0.845,-60.5053,-5.3,-0.276,-0.047733,
0.85,-60.7427,-5.3,1.433,-0.047733,
0.855,-60.9716,-5.2,2.325,-0.042311,
0.86,-61.1925,-5.3,-0.945,-0.038488,
0.865,-61.4159,-5.2,2.778,-0.043911,
0.87,-61.6167,-5.3,-3.955,-0.036888,
0.875,-61.8169,-5.3,2.245,-0.041244,
0.88,-61.9988,-5.3,-3.98,-0.037422,
0.885,-62.1813,-5.3,0.487,-0.038488,
0.89,-62.3522,-5.3,-5.203,-0.036888,
0.895,-62.5201,-5.3,-1.64,-0.035822,
0.9,-62.6708,-5.3,2.991,-0.020622,
0.905,-62.8271,-5.3,0.748,-0.029866,
0.91,-62.9662,-5.3,-1.104,-0.026044,
0.915,-63.109,-5.3,0.039,-0.028177,
0.92,-63.2354,-5.5,-2.162,-0.023911,
0.925,-63.3611,-5.7,2.672,-0.026044,
0.93,-63.4576,-6.5,3.307,-0.012533,
0.935,-63.5363,-6.6,4.059,-0.012533,
0.94,-63.5937,-6.4,-1.343,-0.012533,
0.945,-63.6608,-6.5,2.303,-0.014666,
0.95,-63.7249,-6.6,1.089,-0.011377,
0.955,-63.7969,-6.6,4.163,-0.012977,
0.96,-63.8677,-6.7,-0.463,-0.010311,
0.965,-63.9391,-6.6,-1.645,-0.016266,
0.97,-63.9953,-6.5,0.757,-0.007644,
0.975,-64.0502,-6.5,1.02,-0.010311,
0.98,-64.0838,-6.5,-0.584,-0.003288,
0.985,-64.1106,-6.4,2.117,-0.005422,
0.99,-64.118,-6.5,-2.343,0.001066,
0.995,-64.1228,-6.5,2.322,0.001688,
1,-64.1247,-6.4,0.372,0.001066,
1.005,-64.1582,-6.6,-2.442,-0.010311,
1.01,-64.2742,-6.6,-5.228,-0.031466,
1.015,-64.4762,-6.5,-1.214,-0.047733,
1.02,-64.7747,-6.6,-6.118,-0.065688,
1.025,-65.1653,-6.6,-3.271,-0.087377,
1.03,-65.6341,-6.7,-5.301,-0.100444,
1.035,-66.1736,-7,-3.552,-0.110666,
1.04,-66.7638,-7.3,-2.528,-0.122577,
1.045,-67.3815,-7.2,-1.043,-0.126399,
1.05,-68.0138,-7.7,-1.464,-0.125866,
1.055,-68.648,-8.6,3.212,-0.122666,
1.06,-69.2687,-9.9,1.447,-0.120977,
1.065,-69.8467,-11.3,-0.916,-0.111733,
1.07,-70.3667,-19.3,4.692,-0.093333,
1.075,-70.6756,-32,17.827,-0.031999,
1.08,-70.6988,-32.9,0.876,0.006488,
1.085,-70.6823,-31.1,2.719,0.001066,
1.09,-70.692,-31.8,2.725,-0.0016,
1.095,-70.7061,-33,3.193,0.000533,
1.1,-70.7128,-33.6,1.137,0.002133,
1.105,-70.7049,-33.5,5.512,0.002666,
1.11,-70.692,-33,-0.276,0.003822,
1.115,-70.6444,-29.9,0.999,0.014133,
1.12,-70.5511,-24.2,-1.769,0.018933,
1.125,-70.4156,-18.4,2.565,0.024888,
1.13,-70.2599,-13.8,2.77,0.033688,
1.135,-70.0518,-11.2,2.327,0.046133,
1.14,-69.7295,-10.4,6.624,0.074933,
1.145,-69.2589,-9.6,2.823,0.106933,
1.15,-68.6523,-8.9,2.292,0.133422,
1.155,-67.9632,-8,4.918,0.138844,
1.16,-67.2387,-7.1,2.187,0.1448,
1.165,-66.527,-6.5,-3.612,0.135644,
1.17,-65.8776,-6.2,-1.051,0.124799,
1.175,-65.3454,-6.4,-5.618,0.096,
1.18,-64.9352,-6.6,-7.899,0.073777,
1.185,-64.6514,-6.6,-6.095,0.0456,
1.19,-64.4781,-6.4,-9.27,0.021688,
1.195,-64.3999,-6.4,-6.596,0.005955,
1.2,-64.3999,-6.3,0.753,-0.001066,
1.205,-64.4262,-6.4,-4.232,-0.007111,
1.21,-64.4927,-6.5,-4.68,-0.019555,
1.215,-64.6398,-6.7,-7.323,-0.039644,
1.22,-64.8833,-6.8,-2.165,-0.055288,
1.225,-65.2282,-7,-0.025,-0.073244,
1.23,-65.6664,-7.1,-2.875,-0.092177,
1.235,-66.1797,-7,-2.043,-0.108533,
1.24,-66.7657,-7.2,-0.619,-0.121066,
1.245,-67.3943,-7.8,-0.615,-0.128533,
1.25,-68.0413,-8.8,-0.314,-0.128622,
1.255,-68.6864,-10,-1.027,-0.129066,
1.26,-69.3017,-11.4,-0.623,-0.120444,
1.265,-69.8687,-12.6,3.464,-0.107466,
1.27,-70.3808,-20.1,6.583,-0.094933,
1.275,-70.6878,-33.2,13.748,-0.033155,
1.28,-70.7061,-34.2,3.907,0.008088,
1.285,-70.6939,-32.2,-1.791,-0.004355,
1.29,-70.703,-32.8,-4.108,-0.004266,
1.295,-70.7183,-33.9,4.559,-0.000533,
1.3,-70.7177,-34.4,4.068,0.004355,
1.305,-70.714,-34.3,0.941,0.002755,
1.31,-70.6969,-33.7,-0.764,0.005955,
1.315,-70.6536,-30.3,3.223,0.010844,
1.32,-70.5498,-24.6,-1.133,0.022311,
1.325,-70.4241,-18.8,3.042,0.027111,
1.33,-70.2654,-14.4,1.852,0.037422,
1.335,-70.0573,-11.9,4.361,0.0488,
1.34,-69.7326,-11.1,8.89,0.0776,
1.345,-69.2583,-10.2,3.952,0.107999,
1.35,-68.6492,-9.4,3.222,0.131288,
1.355,-67.9619,-8.5,2.709,0.140533,
1.36,-67.2393,-7.6,-0.176,0.143733,
1.365,-66.5331,-6.8,-2.114,0.1384,
1.37,-65.8874,-6.3,-4.97,0.122577,
1.375,-65.3496,-6.2,-3.273,0.100444,
1.38,-64.9358,-6.5,-4.661,0.074933,
1.385,-64.6447,-6.6,-3.347,0.049866,
1.39,-64.4646,-6.6,-4.145,0.028799,
1.395,-64.3902,-6.5,-1.749,0.009155,
1.4,-64.3932,-6.3,-1.982,-0.003822,
1.405,-64.4243,-6.5,-0.978,-0.007555,
1.41,-64.4964,-6.6,-2.447,-0.019555,
1.415,-64.6477,-6.7,-3.847,-0.037955,
1.42,-64.8949,-6.9,-2.906,-0.056355,
1.425,-65.241,-7,-5.721,-0.073777,
1.43,-65.675,-6.9,-1.157,-0.091733,
1.435,-66.1938,-7,-3.064,-0.111822,
1.44,-66.7742,-7.3,-1.76,-0.120444,
1.445,-67.3949,-8,-1.863,-0.126399,
1.45,-68.0358,-9.3,-1.862,-0.129688,
1.455,-68.6773,-10.5,2.356,-0.125333,
1.46,-69.2901,-11.9,3.201,-0.118844,
1.465,-69.8614,-13.2,2.385,-0.107999,
1.47,-70.3783,-20.3,5.377,-0.094933,
1.475,-70.6939,-33.7,14.177,-0.036355,
1.48,-70.7165,-34.7,5.952,0.007555,
1.485,-70.6945,-32.5,-1.488,-0.000533,
1.49,-70.7079,-33.2,4.128,-0.005422,
1.495,-70.7232,-34.4,-1.416,-0.003288,
1.5,-70.725,-34.7,-0.477,-0.001066,
1.505,-70.7159,-34.5,4.776,0.0048,
1.51,-70.7,-33.8,2.783,0.008088,
1.515,-70.653,-30.5,-1.189,0.012977,
1.52,-70.5559,-24.8,0.693,0.021777,
1.525,-70.4284,-19.1,-0.633,0.023288,
1.53,-70.2715,-14.7,4.592,0.035288,
1.535,-70.0616,-12.2,3.526,0.051466,
1.54,-69.7399,-11.4,7.471,0.072711,
1.545,-69.2638,-10.5,7.354,0.106399,
1.55,-68.6535,-9.7,3.332,0.129066,
1.555,-67.9626,-8.8,1.252,0.139911,
1.56,-67.2356,-7.9,0.913,0.145955,
1.565,-66.5331,-7.1,-1.001,0.137244,
1.57,-65.8867,-6.4,-6.603,0.123199,
1.575,-65.3503,-6.2,-2.672,0.100355,
1.58,-64.9364,-6.5,-6.894,0.074933,
1.585,-64.6416,-6.7,-8.233,0.052622,
1.59,-64.4646,-6.7,-2.88,0.025511,
1.595,-64.3847,-6.5,-1.63,0.009244,
1.6,-64.392,-6.3,-1.652,-0.005955,
1.605,-64.4243,-6.4,2.302,-0.011377,
1.61,-64.4958,-6.6,-5.118,-0.017955,
1.615,-64.6496,-6.8,-7.002,-0.036888,
1.62,-64.9004,-7,-5.029,-0.060177,
1.625,-65.2453,-7,-3.099,-0.074311,
1.63,-65.678,-7,-2.696,-0.090044,
1.635,-66.1956,-7,0.872,-0.105777,
1.64,-66.7742,-7.4,0.773,-0.117155,
1.645,-67.3955,-8.2,-2.387,-0.126399,
1.65,-68.0334,-9.5,-1.272,-0.130755,
1.655,-68.6706,-10.8,0.878,-0.124799,
1.66,-69.2858,-12.2,0.278,-0.121511,
1.665,-69.8583,-13.5,-0.051,-0.109599,
1.67,-70.3741,-20.3,4.857,-0.093333,
1.675,-70.6957,-34,9.98,-0.039555,
1.68,-70.7177,-35,3.354,0.008088,
1.685,-70.6982,-32.8,-4.589,-0.002222,
1.69,-70.7079,-33.4,-1.312,-0.0016,
1.695,-70.7244,-34.5,1.284,0,
1.7,-70.7274,-34.9,1.564,0.000622,
1.705,-70.7195,-34.8,1.589,0.002755,
1.71,-70.7043,-34,-0.367,0.0048,
1.715,-70.653,-30.6,5.815,0.018933,
1.72,-70.5559,-24.9,4.799,0.024444,
1.725,-70.4253,-19.2,-1.548,0.027111,
1.73,-70.2746,-14.9,1.881,0.032533,
1.735,-70.0658,-12.4,3.674,0.048266,
1.74,-69.7417,-11.6,6.804,0.073777,
1.745,-69.2675,-10.7,4.22,0.105244,
1.75,-68.6553,-9.9,2.447,0.129688,
1.755,-67.9626,-9,1.008,0.139911,
1.76,-67.2381,-8,1.38,0.146488,
1.765,-66.5343,-7.2,-4.391,0.136177,
1.77,-65.8898,-6.5,-4.27,0.123733,
1.775,-65.3496,-6.3,-5.304,0.104177,
1.78,-64.9377,-6.4,-9.934,0.073777,
1.785,-64.6453,-6.6,-5.917,0.049333,
1.79,-64.4646,-6.6,-8.81,0.024444,
1.795,-64.3883,-6.6,-3.917,0.006577,
1.8,-64.3877,-6.3,1.231,-0.000533,
1.805,-64.4262,-6.5,-1.587,-0.008711,
1.81,-64.5013,-6.7,1.893,-0.018488,
1.815,-64.652,-6.8,-2.075,-0.033066,
1.82,-64.9047,-7,-4.57,-0.055911,
1.825,-65.2489,-7,-5.644,-0.076977,
1.83,-65.6829,-6.9,-6.2,-0.091111,
1.835,-66.1962,-7.1,-3.374,-0.106311,
1.84,-66.773,-7.5,-0.657,-0.117777,
1.845,-67.3931,-8.4,-2.161,-0.124266,
1.85,-68.0285,-9.7,-0.998,-0.125866,
1.855,-68.67,-11,1.541,-0.127022,
1.86,-69.2821,-12.4,1.826,-0.118222,
1.865,-69.8559,-13.7,0.67,-0.111822,
1.87,-70.3728,-20.4,1.57,-0.094933,
1.875,-70.6957,-34.3,15.824,-0.039022,
1.88,-70.7232,-35.4,5.815,0.007022,
1.885,-70.6994,-33,-4.175,-0.000533,
1.89,-70.7128,-33.6,-2.092,-0.005422,
1.895,-70.7274,-34.8,1.967,-0.0016,
1.9,-70.7287,-35,-3.205,-0.001155,
1.905,-70.7207,-34.8,-0.593,-0.000533,
1.91,-70.7067,-34.1,3.438,0.003288,
1.915,-70.6579,-30.7,3.729,0.015199,
1.92,-70.5572,-25,1.911,0.023822,
1.925,-70.429,-19.3,2.759,0.027111,
1.93,-70.2776,-15,1.327,0.033688,
1.935,-70.0683,-12.5,4.868,0.049866,
1.94,-69.7417,-11.7,2.278,0.076533,
1.945,-69.2669,-10.8,6.987,0.107377,
1.95,-68.6565,-10.1,5.963,0.132444,
1.955,-67.965,-9.1,2.053,0.138844,
1.96,-67.2387,-8.1,-0.12,0.146488,
1.965,-66.5356,-7.3,-2.985,0.136711,
1.97,-65.8886,-6.7,-3.735,0.123644,
1.975,-65.3539,-6.3,-4.786,0.099288,
1.98,-64.9377,-6.3,-5.297,0.077511,
1.985,-64.6477,-6.6,-4.286,0.0472,
1.99,-64.461,-6.6,-5.039,0.029777,
1.995,-64.3847,-6.6,-1.533,0.010844,
2,-64.3926,-6.4,-0.926,-0.005422,
2.005,-64.4268,-6.5,-6.02,-0.009777,
2.01,-64.4976,-6.7,-3.076,-0.018488,
2.015,-64.6544,-6.8,-5.534,-0.037955,
2.02,-64.8998,-6.9,-3.759,-0.056444,
2.025,-65.2477,-6.9,-5.65,-0.073777,
2.03,-65.6829,-7,-6.879,-0.093333,
2.035,-66.1974,-7.1,-2.558,-0.109066,
2.04,-66.7748,-7.6,-2.771,-0.118844,
2.045,-67.3925,-8.5,-3.13,-0.125333,
2.05,-68.0285,-9.8,1.273,-0.125866,
2.055,-68.67,-11.2,1.243,-0.127555,
2.06,-69.2834,-12.5,-0.272,-0.123199,
2.065,-69.8528,-13.8,2.473,-0.105777,
2.07,-70.3722,-20.5,4.506,-0.096,
2.075,-70.6994,-34.3,15.271,-0.041777,
2.08,-70.722,-35.5,0.785,0.007022,
2.085,-70.6994,-33.1,-2.508,-0.001066,
2.09,-70.7128,-33.7,0.923,-0.005955,
2.095,-70.7299,-34.9,-2.095,-0.004888,
2.1,-70.7244,-35.2,-0.073,0.003288,
2.105,-70.7213,-34.9,1.912,0.002222,
2.11,-70.7073,-34.1,4.32,0.004888,
2.115,-70.6579,-30.7,2.416,0.011377,
2.12,-70.5565,-25.1,2.533,0.024977,
2.125,-70.429,-19.4,-2.836,0.024977,
2.13,-70.2776,-15.1,4.42,0.033688,
2.135,-70.0683,-12.6,5.006,0.0504,
2.14,-69.7448,-11.7,7.65,0.078133,
2.145,-69.2742,-10.8,3.939,0.104711,
2.15,-68.662,-10.1,4.051,0.129688,
2.155,-67.9644,-9.2,-0.85,0.141066,
2.16,-67.2393,-8.3,-0.112,0.145422,
2.165,-66.5343,-7.4,-2.799,0.138933,
2.17,-65.8892,-6.7,-5.533,0.123111,
2.175,-65.3545,-6.3,-2.931,0.100888,
2.18,-64.937,-6.3,-2.549,0.076,
2.185,-64.6447,-6.5,-6.181,0.048266,
2.19,-64.461,-6.6,-4.453,0.030311,
2.195,-64.3835,-6.6,-0.162,0.009155,
2.2,-64.3804,-6.5,1.409,0.005422,
2.205,-64.3883,-6.5,0.512,-0.001066,
2.21,-64.3847,-6.4,0.793,0.002133,
2.215,-64.3853,-6.3,2.46,0.004355,
2.22,-64.3835,-6.4,3.01,0.0032,
2.225,-64.3804,-6.3,1.76,0.003822,
2.23,-64.367,-6.3,-4.619,0.003733,
2.235,-64.3438,-6.4,-0.384,0.004888,
2.24,-64.2888,-6.3,0.094,0.015199,
2.245,-64.2199,-6.4,1.609,0.013511,
2.25,-64.1326,-6.4,-1.312,0.023288,
2.255,-64.0478,-6.4,1.254,0.015199,
2.26,-63.9513,-6.4,0.261,0.022844,
2.265,-63.8555,-6.3,3.143,0.021155,
2.27,-63.7585,-6.4,-1.145,0.021688,
2.275,-63.6754,-6.4,0.423,0.012533,
2.28,-63.5772,-6.4,-0.058,0.019555,
2.285,-63.4704,-6.4,2.046,0.024888,
2.29,-63.3556,-6.3,-5.09,0.023911,
2.295,-63.2299,-6.4,3.614,0.022755,
2.3,-63.0804,-6.4,-0.425,0.034666,
2.305,-62.9211,-6.4,2.881,0.036266,
2.31,-62.7361,-6.4,-0.992,0.040711,
2.315,-62.5445,-6.4,0.511,0.036888,
2.32,-62.3479,-6.4,0.693,0.041777,
2.325,-62.1569,-6.4,2.476,0.037955,
2.33,-61.9689,-6.4,-4.356,0.036888,
2.335,-61.7864,-6.3,4.46,0.038488,
2.34,-61.5923,-6.4,-6.548,0.039111,
2.345,-61.3842,-6.3,1.059,0.042844,
2.35,-61.1669,-6.4,-5.453,0.043911,
2.355,-60.9319,-6.4,2.81,0.047733,
2.36,-60.6896,-6.4,-0.32,0.051555,
2.365,-60.4412,-6.4,3.384,0.051022,
2.37,-60.1861,-6.4,-0.528,0.054222,
2.375,-59.92,-6.4,1.742,0.055288,
2.38,-59.6404,-6.4,4.662,0.062399,
2.385,-59.367,-6.3,0.02,0.051555,
2.39,-59.0838,-6.4,-3.937,0.056977,
2.395,-58.803,-6.4,1.211,0.054844,
2.4,-58.5192,-6.3,1.435,0.058577,
2.405,-58.2366,-6.3,1.846,0.056977,
2.41,-57.9467,-6.4,-0.644,0.058044,
2.415,-57.6452,-6.3,3.779,0.062399,
2.42,-57.3272,-6.3,0.459,0.063999,
2.425,-56.9945,-6.3,0.124,0.067288,
2.43,-56.6576,-6.3,0.663,0.068888,
2.435,-56.3061,-6.3,2.93,0.068888,
2.44,-55.9423,-6.4,0.36,0.072711,
2.445,-55.5681,-6.3,-3.657,0.072711,
2.45,-55.1867,-6.3,2.168,0.0776,
2.455,-54.8052,-6.3,2.834,0.074311,
2.46,-54.4213,-6.3,-1.562,0.0776,
2.465,-54.0392,-6.3,-0.178,0.074844,
2.47,-53.6437,-6.3,-1.258,0.0792,
2.475,-53.247,-6.2,1.441,0.081866,
2.48,-52.8429,-6.3,-2.533,0.0792,
2.485,-52.4303,-6.2,-0.189,0.080888,
2.49,-52.0055,-6.3,3.081,0.088444,
2.495,-51.5966,-6.2,1.155,0.080266,
2.5,-51.1718,-6.2,-2.239,0.081333,
2.505,-50.7415,-6.2,-1.929,0.086755,
2.51,-50.3026,-6.2,0.58,0.0912,
2.515,-49.8571,-6.2,0.99,0.091111,
2.52,-49.4073,-6.2,-2.278,0.091644,
2.525,-48.9599,-6.2,1.17,0.089511,
2.53,-48.5094,-6.2,-1.213,0.090666,
2.535,-48.0614,-6.2,2.019,0.089511,
2.54,-47.6092,-6.1,0.234,0.0944,
2.545,-47.1508,-6.2,0.885,0.090577,
2.55,-46.6906,-6.2,0.281,0.090577,
2.555,-46.22,-6.2,-1.426,0.0928,
2.56,-45.7494,-6.2,-6.935,0.0912,
2.565,-45.2758,-6.1,2.563,0.096,
2.57,-44.8028,-6.2,0.346,0.093244,
2.575,-44.3242,-6.1,0.022,0.093333,
2.58,-43.8372,-6.1,-4.729,0.094933,
2.585,-43.3422,-6.1,-2.202,0.100355,
2.59,-42.8539,-6.2,-4.587,0.092266,
2.595,-42.3559,-6.1,2.062,0.101955,
2.6,-41.8737,-6.1,-2.862,0.098222,
2.605,-41.3915,-6.1,-5.174,0.096,
2.61,-40.9142,-6.1,-0.568,0.098222,
2.615,-40.4418,-6,0.233,0.093866,
2.62,-39.9633,-6,2.737,0.093866,
2.625,-39.4793,-6,1.766,0.096533,
2.63,-38.9825,-6,1.286,0.101422,
2.635,-38.4795,-6,1.811,0.103111,
2.64,-37.9674,-6,3.584,0.102577,
2.645,-37.4462,-6.1,1.696,0.104177,
2.65,-36.9182,-6,-2.153,0.105333,
2.655,-36.3903,-6.1,-2.276,0.104177,
2.66,-35.8617,-6.1,0.535,0.105777,
2.665,-35.3356,-6.1,1.816,0.104177,
2.67,-34.8119,-6.1,1.671,0.102044,
2.675,-34.2943,-6,1.673,0.102577,
2.68,-33.7725,-6,2.818,0.104711,
2.685,-33.2482,-5.9,2.237,0.106311,
2.69,-32.7166,-6,0.891,0.110133,
2.695,-32.1923,-6,-3.191,0.103111,
2.7,-31.6649,-6,-0.438,0.106933,
2.705,-31.1437,-6,0.325,0.106311,
2.71,-30.6237,-6,-0.891,0.105777,
2.715,-30.1012,-6,-4.141,0.103644,
2.72,-29.5788,-6,1.5,0.104711,
2.725,-29.0526,-6.1,1.551,0.107466,
2.73,-28.5375,-6.1,1.975,0.100888,
2.735,-28.023,-6.1,-1.643,0.101955,
2.74,-27.5188,-6.1,-0.315,0.100355,
2.745,-27.0141,-6.1,-0.141,0.099822,
2.75,-26.5014,-6,0.167,0.103644,
2.755,-25.9954,-6.1,-1.973,0.101422,
2.76,-25.49,-6.1,1.349,0.102044,
2.765,-24.9865,-6.1,2.002,0.100888,
2.77,-24.4872,-6,-1.423,0.096622,
2.775,-23.9831,-6.1,1.744,0.103022,
2.78,-23.4868,-6.1,-1.772,0.098755,
2.785,-22.9925,-6.1,0.608,0.0976,
2.79,-22.5066,-6,0.549,0.096088,
2.795,-22.0373,-6,1.647,0.091644,
2.8,-21.574,-6,-0.481,0.090044,
2.805,-21.1169,-6,3.567,0.093777,
2.81,-20.6628,-6,-1.904,0.091111,
2.815,-20.2086,-6,-0.319,0.095022,
2.82,-19.7533,-6,-1.263,0.090044,
2.825,-19.284,-6,0.713,0.096,
2.83,-18.8177,-6,-0.261,0.093777,
2.835,-18.3477,-6,0.755,0.094933,
2.84,-17.8814,-6,-0.076,0.092711,
2.845,-17.4132,-6,1.827,0.093866,
2.85,-16.9439,-6,1.59,0.095466,
2.855,-16.4843,-6.1,-1.323,0.0944,
2.86,-16.0381,-6.1,-1.134,0.089511,
2.865,-15.5919,-6,0.176,0.0896,
2.87,-15.1519,-6,0.104,0.088977,
2.875,-14.7051,-6,-3.081,0.088977,
2.88,-14.2565,-6,-0.894,0.091733,
2.885,-13.8036,-6,0.682,0.0928,
2.89,-13.3501,-5.9,0.96,0.087377,
2.895,-12.896,-5.9,4.091,0.092266,
2.9,-12.4474,-5.9,4.234,0.0912,
2.905,-12.0043,-5.9,-2.508,0.087911,
2.91,-11.5826,-5.9,4.035,0.082933,
2.915,-11.1632,-6,-0.879,0.085244,
2.92,-10.7616,-5.8,1.864,0.078666,
2.925,-10.36,-5.9,1.262,0.081422,
2.93,-9.9682,-5.9,3.079,0.076977,
2.935,-9.5824,-5.9,-2.947,0.076,
2.94,-9.1991,-5.9,-0.09,0.076533,
2.945,-8.8195,-5.9,-1.692,0.072711,
2.95,-8.4435,-5.9,-0.08,0.073244,
2.955,-8.0761,-5.8,2.608,0.074311,
2.96,-7.7209,-5.8,-1.402,0.067822,
2.965,-7.3675,-5.9,-2.752,0.068888,
2.97,-7.0324,-5.8,1.819,0.063999,
2.975,-6.6979,-5.9,-2.206,0.067822,
2.98,-6.3805,-5.8,0.804,0.061866,
2.985,-6.0674,-5.9,1.158,0.061333,
2.99,-5.7671,-5.8,1.316,0.058577,
2.995,-5.4699,-5.8,0.04,0.061866,
3,-5.1842,-5.8,1.521,0.057511,
3.005,-4.8998,-5.9,-3.196,0.057511,
3.01,-4.6245,-5.7,0.287,0.054311,
3.015,-4.3493,-5.8,-2.67,0.055288,
3.02,-4.0856,-5.8,2.04,0.0488,
3.025,-3.8293,-5.8,2.21,0.050933,
3.03,-3.5802,-5.8,2.329,0.051022,
3.035,-3.3367,-5.8,-3.334,0.047733,
3.04,-3.1048,-5.7,1.61,0.047733,
3.045,-2.8795,-5.8,-5.4,0.046666,
3.05,-2.6757,-5.7,0.913,0.037955,
3.055,-2.4798,-5.7,-1.482,0.039022,
3.06,-2.2961,-5.7,1.468,0.036888,
3.065,-2.1105,-5.7,1.534,0.036888,
3.07,-1.939,-5.8,1.569,0.027111,
3.075,-1.7663,-5.7,1.989,0.034133,
3.08,-1.6045,-5.7,-0.079,0.030399,
3.085,-1.4409,-5.8,-1.7,0.030933,
3.09,-1.2823,-5.7,-7.16,0.026044,
3.095,-1.1236,-5.8,-3.608,0.030933,
3.1,-0.9746,-5.7,-2.174,0.026044,
3.105,-0.833,-5.7,-0.075,0.030933,
3.11,-0.7036,-5.7,2.274,0.022311,
3.115,-0.5724,-5.8,-2.333,0.027644,
3.12,-0.4619,-5.6,5.891,0.018488,
3.125,-0.3496,-5.7,-1.212,0.021155,
3.13,-0.2484,-5.6,4.641,0.018488,
3.135,-0.1843,-6.5,-11.956,0,
3.14,-0.1947,-5.6,5.573,-0.003288,
3.145,-0.1904,-5.6,-2.303,0.001688,
3.15,-0.1947,-5.6,1.671,-0.004355,
3.155,-0.1898,-5.7,-1.196,0.000533,
3.16,-0.1898,-5.6,4.366,0,
3.165,-0.1892,-5.7,0.115,-0.002133,
3.17,-0.1874,-5.6,1.64,-0.0016,
3.175,-0.1856,-5.7,-2.527,0.000533,
3.18,-0.1892,-5.6,1.163,-0.0032,
3.185,-0.1886,-5.6,-2.674,-0.005422,
3.19,-0.1837,-5.6,-0.398,-0.001066,
3.195,-0.1849,-5.7,-2.651,0,
3.2,-0.1843,-5.6,-0.59,-0.001066,
3.205,-0.1849,-5.6,-0.109,-0.003733,
3.21,-0.1843,-5.7,0.797,0,
3.215,-0.1843,-5.6,-2.651,-0.0016,
3.22,-0.1807,-5.6,-0.409,0,
3.225,-0.1849,-5.6,-0.695,-0.000533,
3.23,-0.1825,-5.6,1.686,-0.001066,
3.235,-0.1807,-5.6,2.802,0.002133,
3.24,-0.1837,-5.6,1.128,-0.000533,
3.245,-0.1837,-5.6,-1.345,-0.002133,
3.25,-0.1843,-5.6,0.627,-0.0016,
3.255,-0.1831,-5.6,1.72,0.0016,
3.26,-0.1831,-5.6,-0.27,-0.002133,
3.265,-0.1825,-5.6,5.421,0.002133,
3.27,-0.1813,-5.6,0.634,-0.000533,
3.275,-0.1801,-5.6,2.171,0.000533,
3.28,-0.1831,-5.6,-0.843,-0.002133,
3.285,-0.1807,-5.6,0.301,-0.000533,
3.29,-0.1801,-5.6,0.035,0.000533,
3.295,-0.1825,-5.6,-0.381,0.000533,
3.3,-0.1813,-5.6,-1.178,-0.001066,
3.305,-0.1801,-5.6,0.793,0.000533,
3.31,-0.1807,-5.6,-4.31,0,
3.315,-0.1807,-5.6,-4.798,-0.001688,
3.32,-0.1788,-5.7,-0.472,0,
3.325,-0.1788,-5.6,0.081,0.002222,
3.33,-0.1795,-5.6,2.181,0.0016,
3.335,-0.1807,-5.5,-1.617,-0.001066,
3.34,-0.1788,-5.6,2.812,0.001688,
3.345,-0.1782,-5.6,-1.156,0.001688,
3.35,-0.1807,-5.6,-1.583,-0.002755,
3.355,-0.1788,-5.6,-5.724,-0.002666,
3.36,-0.1807,-5.7,1.92,0.002133,
3.365,-0.1813,-5.6,1.761,0,
3.37,-0.1807,-5.6,-0.828,-0.003288,
3.375,-0.1813,-5.6,-1.299,-0.002755,
3.38,-0.1788,-5.6,-0.704,0.001688,
3.385,-0.1788,-5.6,1.913,0.000622,
3.39,-0.1801,-5.6,0.381,-0.001688,
3.395,-0.1788,-5.6,-1.559,0,
3.4,-0.1801,-5.6,0.636,0.000533,
3.405,-0.1795,-5.6,0.676,-0.000622,
3.41,-0.1782,-5.6,0.767,0,
3.415,-0.1807,-5.6,-0.605,-0.004355,
3.42,-0.1788,-5.6,-0.795,-0.000533,
3.425,-0.1788,-5.6,1.968,-0.000533,
3.43,-0.1782,-5.6,-1.545,0.000533,
3.435,-0.1819,-5.6,-0.112,-0.003288,
3.44,-0.1801,-5.6,-2.469,-0.001688,
3.445,-0.1788,-5.6,0.687,0.001155,
3.45,-0.1801,-5.6,-3.475,-0.001155,
3.455,-0.1758,-5.6,-0.88,0.002666,
3.46,-0.1795,-5.6,-0.692,-0.002222,
3.465,-0.1782,-5.5,0.295,-0.001066,
3.47,-0.177,-5.6,1.736,0.001066,
3.475,-0.1764,-5.6,-0.807,0.000533,
3.48,-0.1788,-5.6,0.721,0.000622,
3.485,-0.1801,-5.5,0.09,-0.002755,
3.49,-0.1782,-5.5,-2.1,-0.002133,
3.495,-0.1776,-5.6,-4.261,-0.0016,
3.5,-0.1819,-5.6,-2.153,-0.004355,
3.505,-0.1782,-5.5,-1.594,0.001155,
3.51,-0.1788,-5.6,-2.536,-0.000533,
3.515,-0.1782,-5.6,-0.378,0,
3.52,-0.1782,-5.5,-0.404,-0.002133,
3.525,-0.1788,-5.6,-1.512,-0.001066,
3.53,-0.1782,-5.6,0.049,0,
3.535,-0.1782,-5.6,-3.586,-0.0016,
3.54,-0.1801,-5.5,0.797,-0.002222,
3.545,-0.1795,-5.6,0.248,-0.000622,
3.55,-0.1782,-5.5,-2.45,-0.0016,
3.555,-0.1807,-5.6,1.589,-0.001066,
3.56,-0.177,-5.6,-3.138,0.000533,
3.565,-0.1801,-5.6,-1.378,-0.001155,
3.57,-0.1764,-5.6,-0.105,0.000533,
3.575,-0.1782,-5.6,1.113,-0.001066,
3.58,-0.1782,-5.6,-1.475,-0.002133,
3.585,-0.1788,-5.6,1.559,0.000622,
3.59,-0.1782,-5.5,-0.195,0,
3.595,-0.177,-5.5,0.35,0.001066,
3.6,-0.1764,-5.5,-0.451,0.000533,
3.605,-0.1782,-5.5,3.655,0.002222,
3.61,-0.1782,-5.5,-2.209,-0.0016,
3.615,-0.1788,-5.6,-3.253,-0.0032,
3.62,-0.1801,-5.6,-0.334,-0.003288,
3.625,-0.1801,-5.5,3.908,0,
3.63,-0.1776,-5.5,2.934,-0.000533,
3.635,-0.1758,-5.5,-1.237,0.001066,
3.64,-0.1788,-5.5,1.013,0.001155,
3.645,-0.1807,-5.5,1.192,-0.003822,
3.65,-0.1782,-5.5,1.118,0,
3.655,-0.1813,-5.6,-5.465,-0.007644,
3.66,-0.1782,-5.6,-2.161,-0.001066,
3.665,-0.177,-5.5,2.382,0.003288,
3.67,-0.177,-5.5,3.56,0.002755,
3.675,-0.1758,-5.5,-2.42,0,
3.68,-0.1776,-5.6,-2.527,-0.0016,
3.685,-0.1758,-5.6,-0.794,0,
3.69,-0.177,-5.5,-1.226,0,
3.695,-0.1782,-5.6,-1.935,-0.002133,
3.7,-0.1788,-5.5,-1.902,-0.002666,
3.705,-0.1764,-5.6,3.141,0.001066,
3.71,-0.1758,-5.6,1.131,0.000533,
3.715,-0.1758,-5.5,4.051,0.001066,
3.72,-0.1782,-5.5,1.713,0,
3.725,-0.177,-5.5,-2.984,-0.001066,
3.73,-0.1807,-5.5,-0.246,-0.002755,
3.735,-0.1758,-5.5,0.552,0.000533,
3.74,-0.1782,-5.5,-2.718,-0.002133,
3.745,-0.1782,-5.6,-2.427,-0.002133,
3.75,-0.1782,-5.5,-1.551,-0.0016,
3.755,-0.1801,-5.5,0.582,-0.001688,
3.76,-0.1758,-5.5,1.352,0.000533,
3.765,-0.1764,-5.5,-2.454,0,
3.77,-0.1782,-5.5,-1.481,-0.002133,
3.775,-0.177,-5.5,-1.914,-0.001066,
3.78,-0.1788,-5.5,0.848,-0.002666,
3.785,-0.1782,-5.5,2.379,-0.001066,
3.79,-0.1782,-5.5,-0.264,-0.002133,
3.795,-0.177,-5.5,-1.143,-0.001066,
3.8,-0.1801,-5.6,0.232,-0.002222,
3.805,-0.1764,-5.5,-0.939,-0.000533,
3.81,-0.177,-5.5,-0.212,-0.001066,
3.815,-0.1758,-5.5,-0.95,0.000533,
3.82,-0.1776,-5.5,0.645,-0.0016,
3.825,-0.1758,-5.5,4.719,0.001066,
3.83,-0.1758,-5.5,1.551,0,
3.835,-0.1758,-5.5,-0.981,0,
3.84,-0.177,-5.5,-0.277,-0.001066,
3.845,-0.1758,-5.5,0.36,0,
3.85,-0.177,-5.5,3.491,0.002755,
3.855,-0.1758,-5.5,0.156,0.001066,
3.86,-0.1764,-5.4,1.412,0.0016,
3.865,-0.177,-5.5,-1.274,-0.000533,
3.87,-0.1782,-5.5,0.372,-0.0016,
3.875,-0.1776,-5.5,-1.509,-0.0016,
3.88,-0.177,-5.5,0.422,-0.001066,
3.885,-0.1758,-5.5,-2.493,0,
3.89,-0.1782,-5.5,-1.038,-0.002133,
3.895,-0.1758,-5.5,-3.628,0,
3.9,-0.1782,-5.5,1.05,-0.000533,
3.905,-0.1782,-5.5,0.423,-0.001066,
3.91,-0.177,-5.5,1.572,-0.001066,
3.915,-0.1782,-5.5,-2.595,-0.002133,
3.92,-0.177,-5.5,-1.288,-0.001066,
3.925,-0.1746,-5.5,0.45,0.001066,
3.93,-0.177,-5.5,0.024,-0.001066,
3.935,-0.177,-5.5,-0.526,-0.001066,
3.94,-0.1782,-5.5,0.352,-0.002133,
3.945,-0.1758,-5.5,1.279,0,
3.95,-0.1758,-5.5,-0.748,0,
3.955,-0.1758,-5.5,3.045,0.000533,
3.96,-0.1764,-5.5,-0.135,-0.000533,
3.965,-0.1758,-5.5,0.631,0.001066,
3.97,-0.1764,-5.5,1.719,-0.000533,
3.975,-0.1758,-5.5,-1.016,-0.001066,
3.98,-0.1758,-5.6,0.286,0,
3.985,-0.1758,-5.5,-0.692,0,
3.99,-0.177,-5.5,-0.657,0,
3.995,-0.1764,-5.5,-0.382,0,
4,-0.1758,-5.6,0.98,0,
4.005,-0.1758,-5.5,-1.927,-0.002222,
4.01,-0.177,-5.5,-1.118,-0.001066,
4.015,-0.177,-5.5,-0.463,-0.001066,
4.02,-0.177,-5.4,-0.709,-0.0016,
4.025,-0.1758,-5.5,0.011,0,
4.03,-0.1758,-5.5,0.91,-0.001066,
4.035,-0.1776,-5.5,1.627,-0.000533,
4.04,-0.1764,-5.5,-3.133,-0.000533,
4.045,-0.1764,-5.5,1.918,0.001066,
4.05,-0.1758,-5.5,-0.021,0.000533,
4.055,-0.1776,-5.5,-0.585,-0.0016,
4.06,-0.1752,-5.5,1.485,0.000533,
4.065,-0.1758,-5.5,-2.088,0,
4.07,-0.1758,-5.5,0.061,0,
4.075,-0.1782,-5.5,-2.303,-0.002133,
4.08,-0.1758,-5.5,0.86,0,
4.085,-0.1758,-5.5,1.468,0.000533,
4.09,-0.1764,-5.5,-0.215,-0.0016,
4.095,-0.1746,-5.5,-0.923,0.001066,
4.1,-0.1758,-5.5,0.335,0,
4.105,-0.1758,-5.5,-0.161,0,
4.11,-0.177,-5.5,0.166,-0.001066,
4.115,-0.1764,-5.5,0.072,-0.000533,
4.12,-0.1758,-5.5,0.118,-0.001066,
4.125,-0.1752,-5.5,0.779,0.000533,
4.13,-0.177,-5.5,-1.31,-0.001066,
4.135,-0.1764,-5.4,-0.55,-0.001066,
4.14,-0.1758,-5.4,0.134,-0.001066,
4.145,-0.1758,-5.4,-1.14,0,
4.15,-0.1746,-5.5,1.69,-0.000533,
4.155,-0.1758,-5.5,1.654,0.001066,
4.16,-0.1782,-5.5,-1.686,-0.0016,
4.165,-0.1758,-5.5,-1.739,-0.001066,
4.17,-0.1764,-5.5,0.689,-0.000533,
4.175,-0.1752,-5.5,1.004,0.000533,
4.18,-0.1758,-5.5,0.402,0,
4.185,-0.1764,-5.5,2.129,0,
4.19,-0.1752,-5.5,0.11,0.001066,
4.195,-0.1758,-5.5,0.111,-0.002222,
4.2,-0.1752,-5.5,2.21,0.000533,
4.205,-0.1746,-5.5,-0.609,0.001066,
4.21,-0.1758,-5.5,0.261,0.001066,
4.215,-0.1758,-5.4,0.182,-0.000533,
4.22,-0.1752,-5.5,2.316,0.0016,
4.225,-0.174,-5.5,2.104,0.0016,
4.23,-0.177,-5.5,1.596,-0.0016,
4.235,-0.1758,-5.4,-0.074,0,
4.24,-0.1758,-5.5,1.385,0.001066,
4.245,-0.1733,-5.5,0.28,0.001155,
4.25,-0.1758,-5.5,-1.082,0,
4.255,-0.1764,-5.5,0.851,-0.000533,
4.26,-0.1758,-5.5,-0.084,-0.000533,
4.265,-0.1758,-5.4,2.73,0.002133,
4.27,-0.1758,-5.5,-1.417,-0.0016,
4.275,-0.1758,-5.5,-0.8,0,
4.28,-0.1758,-5.5,-0.749,0,
4.285,-0.1758,-5.4,0.651,0,
4.29,-0.1788,-5.5,0.208,-0.002666,
4.295,-0.1746,-5.4,0.317,0.001066,
4.3,-0.1758,-5.5,-0.214,0,
4.305,-0.1758,-5.5,3.143,0.001066,
4.31,-0.1782,-5.4,-0.562,-0.002133,
4.315,-0.1752,-5.5,0.35,0.001066,
4.32,-0.1758,-5.5,0.128,0,
4.325,-0.1758,-5.5,-0.052,0,
4.33,-0.1752,-5.5,-1.985,-0.000533,
4.335,-0.1758,-5.5,1.083,0.002133,
4.34,-0.1764,-5.5,1.456,-0.000533,
4.345,-0.1752,-5.4,-0.45,0.000533,
4.35,-0.1758,-5.4,1.906,0,
4.355,-0.1752,-5.5,0.455,0.000533,
4.36,-0.1752,-5.5,0.838,0.001066,
4.365,-0.1776,-5.5,-0.464,-0.0016,
4.37,-0.1758,-5.5,0.367,0.001066,
4.375,-0.1764,-5.5,-0.547,-0.001066,
4.38,-0.1758,-5.5,0.984,0,
4.385,-0.1758,-5.5,-1.666,-0.001066,
4.39,-0.1758,-5.4,0.603,0,
4.395,-0.1733,-5.5,1.038,0.002222,
4.4,-0.174,-5.5,-0.256,-0.000622,
4.405,-0.1764,-5.4,-1.382,-0.001066,
4.41,-0.1758,-5.4,-0.365,-0.000533,
4.415,-0.1758,-5.4,1.033,0,
4.42,-0.1758,-5.4,0.183,0,
4.425,-0.1758,-5.5,-1.03,0,
4.43,-0.1758,-5.5,1.248,0,
4.435,-0.1758,-5.4,0.264,0,
4.44,-0.1758,-5.5,-1.457,-0.001066,
4.445,-0.1758,-5.5,-1.273,0.000533,
4.45,-0.1758,-5.5,0.624,-0.001066,
4.455,-0.1758,-5.5,1.751,0,
4.46,-0.1758,-5.4,-0.951,0,
4.465,-0.1752,-5.5,-0.334,0.000533,
4.47,-0.177,-5.5,0.158,-0.001066,
4.475,-0.1758,-5.5,-0.073,0.001066,
4.48,-0.1776,-5.5,-0.003,-0.0016,
4.485,-0.1776,-5.4,0.992,-0.0016,
4.49,-0.1758,-5.5,0.361,0,
4.495,-0.1752,-5.4,1.09,0.000533,
4.5,-0.1746,-5.4,-0.062,0.000533,
4.505,-0.177,-5.4,-0.648,-0.002133,
4.51,-0.1758,-5.5,0.334,0,
4.515,-0.1758,-5.5,0.258,-0.000533,
4.52,-0.1752,-5.4,-1.951,-0.001066,
4.525,-0.1758,-5.4,-0.021,-0.001066,
4.53,-0.1758,-5.4,1.513,0.000533,
4.535,-0.1758,-5.4,-0.169,-0.001066,
4.54,-0.174,-5.5,0.481,0,
4.545,-0.1733,-5.5,0.877,0.001688,
4.55,-0.1764,-5.4,0.983,-0.000533,
4.555,-0.1752,-5.5,1.309,0.000533,
4.56,-0.1752,-5.4,4.831,0.001066,
4.565,-0.177,-5.4,1.007,-0.002133,
4.57,-0.1758,-5.4,1.306,0,
4.575,-0.1733,-5.5,-0.555,0.001688,
4.58,-0.1758,-5.5,0.952,0.002133,
4.585,-0.1758,-5.5,-3.137,-0.002222,
4.59,-0.1764,-5.4,-4.731,-0.0016,
4.595,-0.1758,-5.5,0.635,0.001066,
4.6,-0.1758,-5.4,0.852,0,
4.605,-0.1752,-5.4,1.434,0.000533,
4.61,-0.174,-5.4,2.235,0.0016,
4.615,-0.1746,-5.4,0.351,0.001066,
4.62,-0.1758,-5.4,0.434,0,
4.625,-0.1752,-5.4,0.306,-0.000533,
4.63,-0.174,-5.4,-1.117,-0.000622,
4.635,-0.174,-5.5,-1.769,0.000533,
4.64,-0.1764,-5.5,0.24,-0.000533,
4.645,-0.1758,-5.5,1.305,0.000533,
4.65,-0.1764,-5.4,-0.364,-0.001066,
4.655,-0.1782,-5.4,-0.162,-0.0032,
4.66,-0.1746,-5.4,1.125,0.000533,
4.665,-0.1746,-5.5,0.354,-0.001155,
4.67,-0.1752,-5.4,0.621,0.000533,
4.675,-0.174,-5.4,2.31,0.002133,
4.68,-0.1733,-5.4,1.011,0.002222,
4.685,-0.1764,-5.4,0.345,-0.000533,
4.69,-0.1752,-5.5,-1.024,-0.001066,
4.695,-0.1758,-5.5,0.692,0,
4.7,-0.1752,-5.5,0.906,0.000533,
4.705,-0.1752,-5.5,0.545,-0.001066,
4.71,-0.1758,-5.4,0.93,-0.001066,
4.715,-0.1758,-5.4,-3.315,-0.001066,
4.72,-0.174,-5.4,-0.179,-0.001688,
4.725,-0.174,-5.4,-1.31,0.000533,
4.73,-0.1752,-5.4,-2.404,-0.001066,
4.735,-0.1758,-5.4,1.492,-0.000533,
4.74,-0.1758,-5.4,-1.366,-0.001066,
4.745,-0.174,-5.4,-0.343,0.000533,
4.75,-0.1752,-5.4,0.556,0.000533,
4.755,-0.1758,-5.4,-3.053,-0.001066,
4.76,-0.174,-5.4,-0.278,0.001066,
4.765,-0.1752,-5.4,-0.54,0.000533,
4.77,-0.1758,-5.4,-0.105,-0.001066,
4.775,-0.174,-5.4,2.251,0.0016,
4.78,-0.1764,-5.4,-2.197,-0.002133,
4.785,-0.1758,-5.4,0.043,0,
4.79,-0.1746,-5.4,-0.413,0.000533,
4.795,-0.1764,-5.4,0.412,-0.000533,
4.8,-0.1752,-5.4,2.705,0,
4.805,-0.1752,-5.4,-2.747,-0.001688,
4.81,-0.1746,-5.5,1.492,0.001066,
4.815,-0.1758,-5.4,-0.872,-0.003822,
4.82,-0.1758,-5.4,0.326,0,
4.825,-0.1752,-5.4,0.677,-0.000533,
4.83,-0.1746,-5.4,0.913,0.0016,
4.835,-0.1752,-5.4,2.625,0,
4.84,-0.1752,-5.4,-0.531,-0.001688,
4.845,-0.1709,-5.5,-1.908,0.000533,
4.85,-0.174,-5.4,1.727,0.0016,
4.855,-0.1758,-5.4,-0.092,-0.000533,
4.86,-0.1758,-5.4,0.006,0,
4.865,-0.174,-5.4,1.839,0.001066,
4.87,-0.1746,-5.4,-3.355,-0.000533,
4.875,-0.174,-5.4,2.126,0.0016,
4.88,-0.1758,-5.4,-1.139,-0.001066,
4.885,-0.1746,-5.4,0.477,0.000533,
4.89,-0.1752,-5.4,-2.046,-0.001688,
4.895,-0.1733,-5.4,-2.115,-0.002133,
4.9,-0.1746,-5.4,2.233,0.000533,
4.905,-0.1746,-5.4,1.593,-0.000533,
4.91,-0.174,-5.4,2.782,0.001066,
4.915,-0.1703,-5.4,-2.138,0.004355,
4.92,-0.1727,-5.4,3.298,0.003288,
4.925,-0.1752,-5.4,1.104,0,
4.93,-0.1752,-5.4,-1.371,-0.002755,
4.935,-0.1733,-5.4,-0.422,0.002222,
4.94,-0.1758,-5.4,0.676,-0.001066,
4.945,-0.1758,-5.4,2.128,0,
4.95,-0.1703,-5.4,2.702,0.004888,
4.955,-0.174,-5.4,1.472,0.0016,
4.96,-0.1758,-5.4,0.714,-0.001066,
4.965,-0.1746,-5.4,-0.915,-0.001155,
4.97,-0.174,-5.4,-0.146,0,
4.975,-0.1758,-5.4,-1.007,-0.001066,
4.98,-0.1758,-5.4,-0.059,0,
4.985,-0.1758,-5.4,0.855,-0.000533,
4.99,-0.1764,-5.4,0.335,-0.000533,
4.995,-0.1758,-5.4,-0.194,-0.000533,
5,-0.1764,-5.4,2.475,-0.0016,
5.005,-0.1752,-5.4,-0.884,-0.001066,
5.01,-0.174,-5.4,2.487,0.0016,
5.015,-0.1746,-5.4,0.224,-0.001155,
5.02,-0.1758,-5.4,1.712,-0.001066,
5.025,-0.1733,-5.4,0.689,0.000622,
5.03,-0.1752,-5.4,1.886,0.000533,
5.035,-0.1758,-5.4,1.472,0,
5.04,-0.1758,-5.4,-0.234,-0.001066,
5.045,-0.174,-5.4,0.597,0.001066,
5.05,-0.174,-5.4,1.258,0.000533,
5.055,-0.1752,-5.4,1.078,0.000533,
5.06,-0.1752,-5.4,2.317,-0.000533,
5.065,-0.174,-5.4,1.512,0,
5.07,-0.1733,-5.4,1.313,0.001155,
5.075,-0.1752,-5.4,0.539,0.000533,
5.08,-0.1752,-5.4,-1.037,-0.002222,
5.085,-0.1709,-5.4,-0.44,0.0016,
5.09,-0.1758,-5.5,1.421,-0.0016,
5.095,-0.1752,-5.4,4.149,-0.000533,
5.1,-0.1746,-5.4,0.098,-0.002222,
5.105,-0.1727,-5.4,-2.166,0.002222,
5.11,-0.1758,-5.4,0.335,-0.003288,
5.115,-0.1746,-5.4,1.66,0.001066,
5.12,-0.1746,-5.4,-4.733,-0.003288,
5.125,-0.1752,-5.4,2.214,0,
5.13,-0.1733,-5.4,0.27,0.001688,
5.135,-0.1758,-5.4,0.153,-0.001066,
5.14,-0.1752,-5.5,-1.223,-0.000533,
5.145,-0.1746,-5.4,-0.166,0,
5.15,-0.1746,-5.4,2.739,0,
5.155,-0.177,-5.4,-4.094,-0.003288,
5.16,-0.1752,-5.4,0.464,0.000533,
5.165,-0.1758,-5.4,-0.646,-0.0016,
5.17,-0.1758,-5.4,2.009,-0.000533,
5.175,-0.1758,-5.4,2.532,-0.000533,
5.18,-0.1746,-5.4,1.794,0,
5.185,-0.1733,-5.4,-2.213,-0.000533,
5.19,-0.1758,-5.4,3.764,0,
5.195,-0.1752,-5.4,1.377,-0.001066,
5.2,-0.1733,-5.4,-0.934,-0.0016,
5.205,-0.1746,-5.4,4.205,0.001066,
5.21,-0.1752,-5.4,-3.024,-0.002222,
5.215,-0.1758,-5.3,0.189,-0.002222,
5.22,-0.174,-5.4,-0.262,0.000533,
5.225,-0.1746,-5.4,1.957,-0.002222,
5.23,-0.1746,-5.4,2.1,0.001066,
5.235,-0.1752,-5.4,2.319,0.000533,
5.24,-0.1758,-5.4,2.344,-0.000533,
5.245,-0.1727,-5.4,1.269,0.002755,
5.25,-0.1733,-5.4,-2.849,-0.0016,
5.255,-0.1746,-5.4,-1.756,-0.002222,
5.26,-0.1752,-5.4,1.217,0.000533,
5.265,-0.1758,-5.4,-1.819,0,
5.27,-0.1764,-5.4,1.115,-0.003288,
5.275,-0.1727,-5.4,1.929,0.002755,
5.28,-0.174,-5.4,1.98,0.000533,
5.285,-0.1758,-5.4,0.596,0,
5.29,-0.1752,-5.4,1.066,-0.002755,
5.295,-0.1752,-5.4,-1.528,-0.002755,
5.3,-0.1758,-5.4,-0.425,-0.002222,
5.305,-0.1727,-5.4,3.168,0.002755,
5.31,-0.1758,-5.4,0.073,-0.0016,
5.315,-0.1752,-5.4,-0.597,0,
5.32,-0.1721,-5.4,3.381,0.003822,
5.325,-0.1758,-5.4,-0.402,-0.0016,
5.33,-0.1752,-5.5,2.961,-0.000533,
5.335,-0.1758,-5.4,-0.178,-0.003288,
5.34,-0.1758,-5.4,-1.319,-0.0016,
5.345,-0.1752,-5.4,0.878,0,
5.35,-0.1758,-5.4,0.549,0,
5.355,-0.1746,-5.4,0.225,0,
5.36,-0.1752,-5.4,0.197,0.000533,
5.365,-0.1733,-5.4,-0.243,0.001155,
5.37,-0.1758,-5.4,0.202,-0.0016,
5.375,-0.1727,-5.4,3.696,0.002755,
5.38,-0.1746,-5.4,-2.444,-0.001688,
5.385,-0.1752,-5.4,-1.954,0.000533,
5.39,-0.1752,-5.4,0.894,-0.000533,
5.395,-0.1764,-5.3,-0.673,-0.001066,
5.4,-0.1758,-5.4,0.419,-0.002222,
5.405,-0.1758,-5.4,-0.584,-0.001066,
5.41,-0.1721,-5.4,1.658,0.003822,
5.415,-0.1752,-5.4,-0.711,-0.000533,
5.42,-0.1746,-5.4,4.716,0.001066,
5.425,-0.1758,-5.4,-0.068,-0.000533,
5.43,-0.1733,-5.4,0.522,0.001155,
5.435,-0.1746,-5.3,0.19,0.000533,
5.44,-0.174,-5.4,2.242,0,
5.445,-0.1758,-5.4,1.965,-0.001066,
5.45,-0.1746,-5.4,1.9,0.000533,
5.455,-0.1733,-5.4,-1.263,0.000622,
5.46,-0.1727,-5.4,1.696,0.001688,
5.465,-0.1746,-5.4,-1.503,-0.003288,
5.47,-0.1733,-5.4,0.74,-0.001066,
5.475,-0.1752,-5.3,-0.042,-0.002222,
5.48,-0.1752,-5.4,-0.425,-0.002755,
5.485,-0.1752,-5.4,1.355,-0.000533,
5.49,-0.1733,-5.4,0.717,0.001155,
5.495,-0.1721,-5.4,-0.769,0.003288,
5.5,-0.1733,-5.4,1.218,0.001155,
5.505,-0.1721,-5.4,-0.482,0.001688,
5.51,-0.1758,-5.4,0.782,-0.002222,
5.515,-0.1746,-5.4,0.696,0.001066,
5.52,-0.1758,-5.4,0.241,0,
5.525,-0.174,-5.4,-0.184,-0.001688,
5.53,-0.1758,-5.4,-1.616,-0.0016,
5.535,-0.1752,-5.4,1.029,-0.000533,
5.54,-0.1758,-5.3,3.163,-0.0016,
5.545,-0.1758,-5.4,1.068,-0.002222,
5.55,-0.1752,-5.4,3.078,0.000533,
5.555,-0.174,-5.4,1.872,0.002133,
5.56,-0.174,-5.4,1.359,0.0016,
5.565,-0.174,-5.3,-0.141,-0.000622,
5.57,-0.1727,-5.4,1.436,0.002222,
5.575,-0.1733,-5.4,4.398,0.000622,
5.58,-0.1715,-5.4,1.641,0.002755,
5.585,-0.1758,-5.4,-2.065,-0.003822,
5.59,-0.1758,-5.4,-2.287,-0.000533,
5.595,-0.1715,-5.3,-1.234,0.002755,
5.6,-0.1727,-5.4,0.436,0.002755,
5.605,-0.1746,-5.4,-0.888,-0.003822,
5.61,-0.1733,-5.4,-2.166,0,
5.615,-0.174,-5.4,-0.297,-0.001688,
5.62,-0.1758,-5.4,-1.119,-0.001066,
5.625,-0.1746,-5.4,-0.332,0.000533,
5.63,-0.1746,-5.4,1.727,0.001066,
5.635,-0.174,-5.4,-0.903,-0.001155,
5.64,-0.1715,-5.4,3.221,0.003822,
5.645,-0.1709,-5.4,0.896,0.003288,
5.65,-0.1733,-5.3,0.211,-0.001066,
5.655,-0.1752,-5.4,-0.627,-0.001688,
5.66,-0.1721,-5.4,2.412,0.002222,
5.665,-0.1733,-5.4,2.521,0.001155,
5.67,-0.1746,-5.4,-1.713,-0.001155,
5.675,-0.1733,-5.4,1.137,0.001155,
5.68,-0.1746,-5.4,-3.167,0,
5.685,-0.1758,-5.4,-1.117,-0.002222,
5.69,-0.1733,-5.4,2.169,0,
5.695,-0.1746,-5.4,-3.177,-0.001155,
5.7,-0.1752,-5.4,-3.344,-0.001688,
5.705,-0.1752,-5.3,-1.495,-0.002755,
5.71,-0.1758,-5.4,0.009,-0.001066,
5.715,-0.1752,-5.4,-0.122,-0.000533,
5.72,-0.1733,-5.4,0.516,0.001155,
5.725,-0.1746,-5.4,-1.455,0.000533,
5.73,-0.1746,-5.4,-0.365,-0.003822,
5.735,-0.1721,-5.4,0.582,0.001688,
5.74,-0.1733,-5.4,1.069,0.001688,
5.745,-0.174,-5.4,-1.113,-0.002222,
5.75,-0.1703,-5.3,1.089,0.003288,
5.755,-0.174,-5.4,-3.303,-0.000622,
5.76,-0.1715,-5.4,3.056,0.003288,
5.765,-0.174,-5.4,2.082,-0.000622,
5.77,-0.1758,-5.3,0.39,0,
5.775,-0.174,-5.4,1.661,0,
5.78,-0.174,-5.4,4.009,-0.000622,
5.785,-0.1758,-5.4,-3.199,-0.0016,
5.79,-0.174,-5.4,-1.475,0,
5.795,-0.174,-5.4,0.336,0.000533,
5.8,-0.1746,-5.4,2.064,-0.001155,
5.805,-0.1752,-5.4,1.208,-0.001688,
5.81,-0.1733,-5.4,1.863,0.001155,
5.815,-0.1746,-5.4,1.674,0.000533,
5.82,-0.1721,-5.4,0.266,0,
5.825,-0.1715,-5.3,-1.486,0.002755,
5.83,-0.1733,-5.3,1.914,0.002222,
5.835,-0.174,-5.4,1.797,0.000533,
5.84,-0.1721,-5.4,4.069,0.001688,
5.845,-0.1746,-5.4,2.897,0.001066,
